-- MySQL dump 10.13  Distrib 5.5.38, for debian-linux-gnu (x86_64)
--
-- Host: localhost    Database: likeBike
-- ------------------------------------------------------
-- Server version	5.5.38-0+wheezy1

/*!40101 SET @OLD_CHARACTER_SET_CLIENT=@@CHARACTER_SET_CLIENT */;
/*!40101 SET @OLD_CHARACTER_SET_RESULTS=@@CHARACTER_SET_RESULTS */;
/*!40101 SET @OLD_COLLATION_CONNECTION=@@COLLATION_CONNECTION */;
/*!40101 SET NAMES utf8 */;
/*!40103 SET @OLD_TIME_ZONE=@@TIME_ZONE */;
/*!40103 SET TIME_ZONE='+00:00' */;
/*!40014 SET @OLD_UNIQUE_CHECKS=@@UNIQUE_CHECKS, UNIQUE_CHECKS=0 */;
/*!40014 SET @OLD_FOREIGN_KEY_CHECKS=@@FOREIGN_KEY_CHECKS, FOREIGN_KEY_CHECKS=0 */;
/*!40101 SET @OLD_SQL_MODE=@@SQL_MODE, SQL_MODE='NO_AUTO_VALUE_ON_ZERO' */;
/*!40111 SET @OLD_SQL_NOTES=@@SQL_NOTES, SQL_NOTES=0 */;

--
-- Table structure for table `file`
--

DROP TABLE IF EXISTS `file`;
/*!40101 SET @saved_cs_client     = @@character_set_client */;
/*!40101 SET character_set_client = utf8 */;
CREATE TABLE `file` (
  `id` bigint(20) NOT NULL AUTO_INCREMENT,
  `version` bigint(20) NOT NULL,
  `file_name` varchar(255) NOT NULL,
  `processed` int(11) NOT NULL,
  `user_id` bigint(20) NOT NULL,
  `user_alert` bit(1) NOT NULL,
  PRIMARY KEY (`id`),
  KEY `FK2FF57C83C19230` (`user_id`),
  CONSTRAINT `FK2FF57C83C19230` FOREIGN KEY (`user_id`) REFERENCES `user` (`id`)
) ENGINE=InnoDB AUTO_INCREMENT=32 DEFAULT CHARSET=utf8;
/*!40101 SET character_set_client = @saved_cs_client */;

--
-- Dumping data for table `file`
--

LOCK TABLES `file` WRITE;
/*!40000 ALTER TABLE `file` DISABLE KEYS */;
INSERT INTO `file` VALUES (5,2,'Afternoon Ride (3).gpx',2,6,''),(6,2,'log_artemx9@1510-02102014@F93E3CC4-0236-4C1D-98C5-6DF00763F147.gpx',2,11,''),(7,2,'log_artemx9@1510-02102014@B47E0D64-21DE-453D-B47B-97297E3F75A2.gpx',2,11,''),(8,2,'log_artemx9@1610-03102014@D860CADB-E3AD-4ACF-9B4E-7FEB3971E0C2.gpx',2,11,''),(9,2,'log_artemx9@1610-03102014@C72EA5FE-3EDC-499D-A908-1DD40CB994ED.gpx',2,11,''),(10,2,'log_artemx9@1710-03102014@B4CECDCC-277C-4FFD-8A6F-3D1C6B240090.gpx',2,11,''),(11,2,'log_artemx9@1810-03102014@732F6BE2-ECA4-4535-8288-D16DDDDDA341.gpx',2,11,''),(12,2,'log_artemx9@1810-03102014@64F56AF3-315B-413D-8D51-4AA5C8E3E906.gpx',2,11,''),(13,2,'log_artemx9@1810-03102014@F2A2A5B2-332E-4B02-9D81-1A94C6E32FAF.gpx',2,11,''),(14,2,'log_artemx9@1810-03102014@0C1A18D4-BD5F-4110-B8D5-4B2E48DD922E.gpx',2,11,''),(15,2,'log_artemx9@1810-03102014@CD4ABC5D-3E35-409C-B2F4-9F1B8D5B9328.gpx',2,11,''),(16,2,'log_artemx9@1810-03102014@E061512E-F675-4435-86C9-6D65A487CE93.gpx',2,11,''),(17,2,'log_artemx9@1810-03102014@3BC3BE6E-5702-473B-A11C-CB2976C1200D.gpx',2,11,''),(18,2,'log_artemx9@1810-03102014@F4FDEB7D-CB3F-4EB1-8FA1-D4D7FA5FD892.gpx',2,11,''),(19,2,'log_artemx9@1810-03102014@5F38D6D3-5591-4F55-B2C3-ADF2BBFB10AD.gpx',2,11,''),(20,2,'log_artemx9@1810-03102014@1E0B5640-8980-46AD-AE5B-5DE7D0087C51.gpx',2,11,''),(21,2,'log_artemx9@1810-03102014@3CD891C9-EC8A-4A19-AB0F-65233CD2B78F.gpx',2,11,''),(22,2,'log_artemx9@2110-03102014@5C25A4F0-0B1B-42B5-B019-87F1CA0054DE.gpx',2,11,''),(23,2,'log_artemx9@1910-04102014@058A4E0F-70DE-432A-896A-2F3CCB07735A.gpx',2,11,''),(24,2,'log_artemx9@1910-04102014@16CD8F8F-BAEF-4399-B3BE-7534AAF99F6D.gpx',2,11,''),(25,1,'log_atkit@0110-05102014@CBEE923C-C7BC-4C32-902B-528CF665D6E1.gpx',2,10,'\0'),(26,2,'log_artemx9@1110-06102014@4643FBDC-6BC1-4134-89E9-2E5D7263221C.gpx',2,11,''),(27,2,'log_artemx9@1110-06102014@66DC0FD7-18BB-49EA-B87F-F26F61B28047.gpx',2,11,''),(28,2,'log_artemx9@1110-06102014@7402468B-755D-4733-BFFA-764C2971C3B5.gpx',2,11,''),(29,2,'log_artemx9@1110-06102014@B5E8BA7F-FA55-4548-BF73-FEC6C9EB231F.gpx',2,11,''),(30,2,'log_artemx9@1110-06102014@098C0E73-6293-4354-8CD3-988F59A7068E.gpx',2,11,''),(31,2,'log_artemx9@1210-06102014@A26C45A3-BDC2-4D0B-B640-04216E59AEF4.gpx',2,11,'');
/*!40000 ALTER TABLE `file` ENABLE KEYS */;
UNLOCK TABLES;

--
-- Table structure for table `point`
--

DROP TABLE IF EXISTS `point`;
/*!40101 SET @saved_cs_client     = @@character_set_client */;
/*!40101 SET character_set_client = utf8 */;
CREATE TABLE `point` (
  `id` bigint(20) NOT NULL AUTO_INCREMENT,
  `version` bigint(20) NOT NULL,
  `latitude` double NOT NULL,
  `longitude` double NOT NULL,
  `route_id` bigint(20) NOT NULL,
  `route_index` int(11) NOT NULL,
  PRIMARY KEY (`id`),
  KEY `FK65E5590474B384` (`route_id`),
  CONSTRAINT `FK65E5590474B384` FOREIGN KEY (`route_id`) REFERENCES `route` (`id`)
) ENGINE=InnoDB AUTO_INCREMENT=761 DEFAULT CHARSET=utf8;
/*!40101 SET character_set_client = @saved_cs_client */;

--
-- Dumping data for table `point`
--

LOCK TABLES `point` WRITE;
/*!40000 ALTER TABLE `point` DISABLE KEYS */;
INSERT INTO `point` VALUES (1,0,54.976839,73.391747,1,0),(2,0,54.976663,73.391659,1,1),(3,0,54.976303,73.391481,1,2),(4,0,54.976404,73.391385,1,3),(5,0,54.976473,73.391267,1,4),(6,0,54.976531,73.391202,1,5),(7,0,54.976568,73.391152,1,6),(8,0,54.976596,73.391085,1,7),(9,0,54.976605,73.391032,1,8),(10,0,54.976659,73.390892,1,9),(11,0,54.976725,73.390722,1,10),(12,0,54.976861,73.390606,1,11),(13,0,54.976939,73.390625,1,12),(14,0,54.97703,73.390629,1,13),(15,0,54.977096,73.390668,1,14),(16,0,54.977159,73.390704,1,15),(17,0,54.977217,73.390734,1,16),(18,0,54.977271,73.390755,1,17),(19,0,54.977359,73.390802,1,18),(20,0,54.977444,73.390838,1,19),(21,0,54.977525,73.39086,1,20),(22,0,54.977592,73.390883,1,21),(23,0,54.97766,73.390907,1,22),(24,0,54.977717,73.390919,1,23),(25,0,54.97777,73.390924,1,24),(26,0,54.977831,73.390916,1,25),(27,0,54.977899,73.390891,1,26),(28,0,54.977969,73.390862,1,27),(29,0,54.978033,73.390833,1,28),(30,0,54.978097,73.390801,1,29),(31,0,54.978154,73.390778,1,30),(32,0,54.978215,73.390743,1,31),(33,0,54.978266,73.390714,1,32),(34,0,54.978314,73.390697,1,33),(35,0,54.978346,73.390696,1,34),(36,0,54.978377,73.390709,1,35),(37,0,54.978427,73.390701,1,36),(38,0,54.978487,73.390684,1,37),(39,0,54.978543,73.390657,1,38),(40,0,54.978593,73.39063,1,39),(41,0,54.978648,73.390609,1,40),(42,0,54.978696,73.390603,1,41),(43,0,54.97875,73.390595,1,42),(44,0,54.978806,73.390579,1,43),(45,0,54.97886,73.390565,1,44),(46,0,54.978914,73.390557,1,45),(47,0,54.978961,73.39054,1,46),(48,0,54.97901,73.390526,1,47),(49,0,54.979057,73.390518,1,48),(50,0,54.979111,73.390515,1,49),(51,0,54.979166,73.390511,1,50),(52,0,54.979209,73.390503,1,51),(53,0,54.97925,73.390493,1,52),(54,0,54.979302,73.390484,1,53),(55,0,54.979353,73.390469,1,54),(56,0,54.979396,73.39046,1,55),(57,0,54.979442,73.390453,1,56),(58,0,54.979491,73.39044,1,57),(59,0,54.979537,73.390431,1,58),(60,0,54.979581,73.390421,1,59),(61,0,54.979629,73.390432,1,60),(62,0,54.979684,73.390437,1,61),(63,0,54.979737,73.390444,1,62),(64,0,54.979784,73.390443,1,63),(65,0,54.979827,73.390428,1,64),(66,0,54.979876,73.390405,1,65),(67,0,54.979924,73.390374,1,66),(68,0,54.979972,73.390351,1,67),(69,0,54.980022,73.390328,1,68),(70,0,54.980069,73.390309,1,69),(71,0,54.980117,73.390288,1,70),(72,0,54.980163,73.390284,1,71),(73,0,54.980216,73.390271,1,72),(74,0,54.980272,73.390259,1,73),(75,0,54.980327,73.390249,1,74),(76,0,54.980385,73.39023,1,75),(77,0,54.980441,73.390222,1,76),(78,0,54.980501,73.390214,1,77),(79,0,54.980557,73.3902,1,78),(80,0,54.980608,73.390186,1,79),(81,0,54.980668,73.390162,1,80),(82,0,54.980733,73.390139,1,81),(83,0,54.980804,73.390108,1,82),(84,0,54.980859,73.390087,1,83),(85,0,54.980911,73.390069,1,84),(86,0,54.980949,73.390052,1,85),(87,0,54.980992,73.390036,1,86),(88,0,54.981043,73.390022,1,87),(89,0,54.981089,73.390002,1,88),(90,0,54.981136,73.389975,1,89),(91,0,54.981184,73.389951,1,90),(92,0,54.981232,73.389927,1,91),(93,0,54.981276,73.389909,1,92),(94,0,54.981317,73.389904,1,93),(95,0,54.981367,73.389898,1,94),(96,0,54.981418,73.389895,1,95),(97,0,54.981469,73.389876,1,96),(98,0,54.981524,73.389858,1,97),(99,0,54.981578,73.38986,1,98),(100,0,54.981629,73.38986,1,99),(101,0,54.981681,73.389841,1,100),(102,0,54.981735,73.389822,1,101),(103,0,54.981797,73.389807,1,102),(104,0,54.981843,73.389808,1,103),(105,0,54.981893,73.389806,1,104),(106,0,54.981936,73.389802,1,105),(107,0,54.981984,73.389793,1,106),(108,0,54.982013,73.389794,1,107),(109,0,54.982061,73.389804,1,108),(110,0,54.982112,73.38981,1,109),(111,0,54.982138,73.38975,1,110),(112,0,54.982138,73.389678,1,111),(113,0,54.982127,73.389605,1,112),(114,0,54.982136,73.389532,1,113),(115,0,54.982157,73.389449,1,114),(116,0,54.982184,73.389356,1,115),(117,0,54.982207,73.389296,1,116),(118,0,54.982236,73.389228,1,117),(119,0,54.98226,73.389161,1,118),(120,0,54.982283,73.389106,1,119),(121,0,54.982294,73.38904,1,120),(122,0,54.982303,73.388982,1,121),(123,0,54.982314,73.388927,1,122),(124,0,54.982336,73.388889,1,123),(125,0,54.982363,73.388856,1,124),(126,0,54.982391,73.388822,1,125),(127,0,54.982423,73.38879,1,126),(128,0,54.982469,73.388755,1,127),(129,0,54.982511,73.388726,1,128),(130,0,54.982567,73.388671,1,129),(131,0,54.982623,73.388627,1,130),(132,0,54.98267,73.388598,1,131),(133,0,54.982713,73.38858,1,132),(134,0,54.982757,73.388566,1,133),(135,0,54.982799,73.388556,1,134),(136,0,54.982841,73.38855,1,135),(137,0,54.98288,73.388551,1,136),(138,0,54.982918,73.388552,1,137),(139,0,54.982948,73.388543,1,138),(140,0,54.982977,73.388547,1,139),(141,0,54.983013,73.388551,1,140),(142,0,54.983066,73.388572,1,141),(143,0,54.983125,73.388584,1,142),(144,0,54.983159,73.388579,1,143),(145,0,54.98319,73.388574,1,144),(146,0,54.983223,73.388572,1,145),(147,0,54.98326,73.388557,1,146),(148,0,54.983299,73.388526,1,147),(149,0,54.983342,73.388493,1,148),(150,0,54.983386,73.388475,1,149),(151,0,54.98343,73.388462,1,150),(152,0,54.98348,73.388451,1,151),(153,0,54.983527,73.388441,1,152),(154,0,54.983576,73.38843,1,153),(155,0,54.983644,73.388436,1,154),(156,0,54.983724,73.388462,1,155),(157,0,54.9838,73.388484,1,156),(158,0,54.983868,73.388511,1,157),(159,0,54.983932,73.388519,1,158),(160,0,54.983994,73.38853,1,159),(161,0,54.984057,73.388521,1,160),(162,0,54.984117,73.388507,1,161),(163,0,54.98418,73.388448,1,162),(164,0,54.984233,73.388368,1,163),(165,0,54.984246,73.388287,1,164),(166,0,54.984243,73.388236,1,165),(167,0,54.984247,73.388185,1,166),(168,0,54.984248,73.388128,1,167),(169,0,54.984239,73.388061,1,168),(170,0,54.984234,73.387997,1,169),(171,0,54.984221,73.387914,1,170),(172,0,54.98421,73.387827,1,171),(173,0,54.984199,73.387747,1,172),(174,0,54.98418,73.387666,1,173),(175,0,54.984158,73.38758,1,174),(176,0,54.984146,73.387512,1,175),(177,0,54.984139,73.387438,1,176),(178,0,54.984127,73.387394,1,177),(179,0,54.984115,73.387326,1,178),(180,0,54.984102,73.387245,1,179),(181,0,54.984083,73.387191,1,180),(182,0,54.984064,73.387147,1,181),(183,0,54.984093,73.387162,1,182),(184,0,54.984084,73.387221,1,183),(185,0,54.984066,73.38718,1,184),(186,0,54.984085,73.387135,1,185),(187,0,54.984116,73.387185,1,186),(188,0,54.984106,73.387247,1,187),(189,0,54.984079,73.387231,1,188),(190,0,54.984101,73.387191,1,189),(191,0,54.984111,73.387129,1,190),(192,0,54.984117,73.387032,1,191),(193,0,54.984113,73.386962,1,192),(194,0,54.984111,73.386891,1,193),(195,0,54.984109,73.386823,1,194),(196,0,54.984104,73.386756,1,195),(197,0,54.984102,73.386692,1,196),(198,0,54.984096,73.386621,1,197),(199,0,54.984093,73.386547,1,198),(200,0,54.984094,73.386452,1,199),(201,0,54.984093,73.38636,1,200),(202,0,54.984092,73.386272,1,201),(203,0,54.984082,73.386186,1,202),(204,0,54.984073,73.386103,1,203),(205,0,54.984066,73.38602,1,204),(206,0,54.984061,73.385939,1,205),(207,0,54.984058,73.385863,1,206),(208,0,54.984052,73.385771,1,207),(209,0,54.984046,73.38567,1,208),(210,0,54.98403,73.385583,1,209),(211,0,54.984008,73.385506,1,210),(212,0,54.983988,73.385424,1,211),(213,0,54.983971,73.385365,1,212),(214,0,54.983952,73.385303,1,213),(215,0,54.98393,73.385235,1,214),(216,0,54.983902,73.385179,1,215),(217,0,54.983856,73.385046,1,216),(218,0,54.983825,73.384978,1,217),(219,0,54.983806,73.384915,1,218),(220,0,54.983795,73.384826,1,219),(221,0,54.983799,73.384772,1,220),(222,0,54.983821,73.384701,1,221),(223,0,54.983863,73.384664,1,222),(224,0,54.983905,73.384623,1,223),(225,0,54.98393,73.384596,1,224),(226,0,54.983931,73.384515,1,225),(227,0,54.983925,73.384431,1,226),(228,0,54.98392,73.384382,1,227),(229,0,54.983884,73.384317,1,228),(230,0,54.983858,73.384251,1,229),(231,0,54.983831,73.384171,1,230),(232,0,54.983816,73.384095,1,231),(233,0,54.9838,73.384012,1,232),(234,0,54.983781,73.38393,1,233),(235,0,54.983767,73.383847,1,234),(236,0,54.983748,73.383756,1,235),(237,0,54.983732,73.383677,1,236),(238,0,54.983713,73.3836,1,237),(239,0,54.983686,73.383527,1,238),(240,0,54.983654,73.383448,1,239),(241,0,54.983626,73.383373,1,240),(242,0,54.983616,73.383317,1,241),(243,0,54.983603,73.383249,1,242),(244,0,54.983581,73.383169,1,243),(245,0,54.983563,73.383071,1,244),(246,0,54.983544,73.382978,1,245),(247,0,54.983521,73.382891,1,246),(248,0,54.983494,73.382807,1,247),(249,0,54.98347,73.382717,1,248),(250,0,54.983443,73.382614,1,249),(251,0,54.983412,73.382531,1,250),(252,0,54.98339,73.382452,1,251),(253,0,54.983368,73.382375,1,252),(254,0,54.983346,73.3823,1,253),(255,0,54.98332,73.38224,1,254),(256,0,54.983291,73.382183,1,255),(257,0,54.983263,73.382129,1,256),(258,0,54.983238,73.38205,1,257),(259,0,54.983212,73.381961,1,258),(260,0,54.983187,73.381853,1,259),(261,0,54.983168,73.38175,1,260),(262,0,54.983152,73.381655,1,261),(263,0,54.983133,73.381573,1,262),(264,0,54.983109,73.38149,1,263),(265,0,54.983088,73.381405,1,264),(266,0,54.983064,73.381319,1,265),(267,0,54.983039,73.381212,1,266),(268,0,54.983016,73.381121,1,267),(269,0,54.982995,73.381016,1,268),(270,0,54.982979,73.380915,1,269),(271,0,54.982958,73.380824,1,270),(272,0,54.982935,73.380732,1,271),(273,0,54.982904,73.380658,1,272),(274,0,54.982879,73.380571,1,273),(275,0,54.982859,73.380479,1,274),(276,0,54.98285,73.380398,1,275),(277,0,54.982838,73.380322,1,276),(278,0,54.982819,73.380233,1,277),(279,0,54.982797,73.380144,1,278),(280,0,54.982776,73.380064,1,279),(281,0,54.982756,73.379992,1,280),(282,0,54.982743,73.379924,1,281),(283,0,54.982724,73.379845,1,282),(284,0,54.982706,73.379752,1,283),(285,0,54.98269,73.379663,1,284),(286,0,54.982659,73.379577,1,285),(287,0,54.982625,73.379489,1,286),(288,0,54.982602,73.379369,1,287),(289,0,54.982585,73.379253,1,288),(290,0,54.982562,73.379159,1,289),(291,0,54.982542,73.379066,1,290),(292,0,54.982522,73.378971,1,291),(293,0,54.982497,73.378871,1,292),(294,0,54.982472,73.37877,1,293),(295,0,54.982448,73.378668,1,294),(296,0,54.98241,73.378567,1,295),(297,0,54.982374,73.37845,1,296),(298,0,54.982344,73.378344,1,297),(299,0,54.982313,73.378232,1,298),(300,0,54.982284,73.378135,1,299),(301,0,54.982255,73.378037,1,300),(302,0,54.982229,73.377942,1,301),(303,0,54.982203,73.377848,1,302),(304,0,54.982178,73.37776,1,303),(305,0,54.982154,73.377666,1,304),(306,0,54.982153,73.377574,1,305),(307,0,54.982149,73.377453,1,306),(308,0,54.982128,73.377329,1,307),(309,0,54.982106,73.377225,1,308),(310,0,54.982098,73.377145,1,309),(311,0,54.982108,73.377084,1,310),(312,0,54.982118,73.377005,1,311),(313,0,54.982141,73.376968,1,312),(314,0,54.982192,73.376922,1,313),(315,0,54.98223,73.376898,1,314),(316,0,54.982266,73.376873,1,315),(317,0,54.982308,73.376847,1,316),(318,0,54.982352,73.376819,1,317),(319,0,54.982396,73.37679,1,318),(320,0,54.982439,73.376762,1,319),(321,0,54.98248,73.376733,1,320),(322,0,54.982523,73.376704,1,321),(323,0,54.982567,73.376673,1,322),(324,0,54.982608,73.376641,1,323),(325,0,54.98265,73.37661,1,324),(326,0,54.982694,73.376581,1,325),(327,0,54.982739,73.376553,1,326),(328,0,54.982778,73.376524,1,327),(329,0,54.982817,73.376496,1,328),(330,0,54.982848,73.376471,1,329),(331,0,54.982882,73.376444,1,330),(332,0,54.982915,73.376416,1,331),(333,0,54.98295,73.37639,1,332),(334,0,54.982985,73.376364,1,333),(335,0,54.983016,73.376341,1,334),(336,0,54.983075,73.376324,1,335),(337,0,54.983104,73.376345,1,336),(338,0,54.983132,73.376363,1,337),(339,0,54.983157,73.376386,1,338),(340,0,54.983194,73.376425,1,339),(341,0,54.983228,73.37643,1,340),(342,0,54.983265,73.376388,1,341),(343,0,54.983309,73.376391,1,342),(344,0,54.983348,73.376351,1,343),(345,0,54.983379,73.376304,1,344),(346,0,54.983398,73.376265,1,345),(347,0,54.983424,73.376187,1,346),(348,0,54.983435,73.376141,1,347),(349,0,54.983484,73.376136,1,348),(350,0,54.983512,73.376097,1,349),(351,0,54.983558,73.376054,1,350),(352,0,54.983587,73.376026,1,351),(353,0,54.98362,73.376,1,352),(354,0,54.983621,73.376051,1,353),(355,0,54.9836,73.375986,1,354),(356,0,54.983577,73.375919,1,355),(357,0,54.983559,73.375873,1,356),(358,0,54.983542,73.375828,1,357),(359,0,54.983542,73.375771,1,358),(360,0,54.983543,73.375719,1,359),(361,0,54.983552,73.375671,1,360),(362,0,54.983579,73.375638,1,361),(363,0,54.983611,73.3756,1,362),(364,0,54.983647,73.375574,1,363),(365,0,54.983681,73.375545,1,364),(366,0,54.983715,73.375513,1,365),(367,0,54.983756,73.37548,1,366),(368,0,54.983798,73.375462,1,367),(369,0,54.983841,73.375441,1,368),(370,0,54.983892,73.375411,1,369),(371,0,54.983924,73.375386,1,370),(372,0,54.983963,73.375358,1,371),(373,0,54.98402,73.375321,1,372),(374,0,54.98408,73.375279,1,373),(375,0,54.984121,73.375253,1,374),(376,0,54.98416,73.375228,1,375),(377,0,54.984197,73.375202,1,376),(378,0,54.98424,73.37517,1,377),(379,0,54.984286,73.375135,1,378),(380,0,54.98433,73.375098,1,379),(381,0,54.984375,73.375067,1,380),(382,0,54.984409,73.375051,1,381),(383,0,54.984452,73.375029,1,382),(384,0,54.984501,73.374998,1,383),(385,0,54.984546,73.374964,1,384),(386,0,54.984581,73.374932,1,385),(387,0,54.984626,73.374893,1,386),(388,0,54.984672,73.374864,1,387),(389,0,54.984721,73.374818,1,388),(390,0,54.984767,73.374776,1,389),(391,0,54.984809,73.374742,1,390),(392,0,54.984853,73.374705,1,391),(393,0,54.984893,73.374653,1,392),(394,0,54.984935,73.374605,1,393),(395,0,54.984971,73.374575,1,394),(396,0,54.985011,73.374547,1,395),(397,0,54.98504,73.374519,1,396),(398,0,54.985071,73.37449,1,397),(399,0,54.985104,73.374473,1,398),(400,0,54.985123,73.37442,1,399),(401,0,54.985114,73.374368,1,400),(402,0,54.985107,73.3743,1,401),(403,0,54.985107,73.374234,1,402),(404,0,54.985294,73.386971,2,0),(405,0,54.985249,73.386963,2,1),(406,0,54.985249,73.386963,2,2),(407,0,54.985294,73.386971,2,3),(408,0,54.985249,73.386963,2,4),(409,0,54.985249,73.386963,2,5),(410,0,54.985294,73.386971,2,6),(411,0,54.985249,73.386963,2,7),(412,0,54.985294,73.386971,3,0),(413,0,54.985294,73.386971,3,1),(414,0,54.985247,73.386964,17,0),(415,0,54.985247,73.386964,17,1),(416,0,54.985247,73.386964,17,2),(417,0,54.985247,73.386964,17,3),(418,0,54.985247,73.386964,17,4),(419,0,54.985247,73.386964,17,5),(420,0,54.985247,73.386964,17,6),(421,0,54.985247,73.386964,17,7),(422,0,54.985247,73.386964,17,8),(423,0,54.985247,73.386964,17,9),(424,0,54.985247,73.386964,17,10),(425,0,54.985247,73.386964,17,11),(426,0,54.985247,73.386964,17,12),(427,0,54.985247,73.386964,17,13),(428,0,54.985247,73.386964,17,14),(429,0,54.985247,73.386964,17,15),(430,0,54.985247,73.386964,17,16),(431,0,54.985247,73.386964,17,17),(432,0,54.985247,73.386964,17,18),(433,0,54.985247,73.386964,17,19),(434,0,54.985247,73.386964,17,20),(435,0,54.985247,73.386964,17,21),(436,0,54.985247,73.386964,17,22),(437,0,54.985247,73.386964,17,23),(438,0,54.985247,73.386964,17,24),(439,0,54.985247,73.386964,17,25),(440,0,54.985247,73.386964,17,26),(441,0,54.985247,73.386964,17,27),(442,0,54.985247,73.386964,17,28),(443,0,54.985247,73.386964,17,29),(444,0,54.985247,73.386964,17,30),(445,0,54.985247,73.386964,17,31),(446,0,54.985247,73.386964,17,32),(447,0,54.985247,73.386964,17,33),(448,0,54.985247,73.386964,17,34),(449,0,54.985247,73.386964,17,35),(450,0,54.985247,73.386964,17,36),(451,0,54.985247,73.386964,17,37),(452,0,54.985247,73.386964,17,38),(453,0,54.985247,73.386964,17,39),(454,0,54.985247,73.386964,17,40),(455,0,54.985247,73.386964,17,41),(456,0,54.985247,73.386964,17,42),(457,0,54.985247,73.386964,17,43),(458,0,54.985247,73.386964,17,44),(459,0,54.985247,73.386964,17,45),(460,0,54.985247,73.386964,17,46),(461,0,54.985247,73.386964,17,47),(462,0,54.985247,73.386964,17,48),(463,0,54.98525,73.386965,17,49),(464,0,54.985294,73.386971,17,50),(465,0,54.985294,73.386971,17,51),(466,0,54.985247,73.386964,17,52),(467,0,54.985294,73.386971,17,53),(468,0,54.985294,73.386971,17,54),(469,0,54.985247,73.386964,17,55),(470,0,54.985247,73.386964,18,0),(471,0,54.985247,73.386964,18,1),(472,0,54.985247,73.386964,18,2),(473,0,54.985247,73.386964,19,0),(474,0,54.985247,73.386964,19,1),(475,0,54.985247,73.386964,20,0),(476,0,54.985247,73.386964,20,1),(477,0,54.985247,73.386964,20,2),(478,0,54.985247,73.386964,20,3),(479,0,54.985247,73.386964,20,4),(480,0,37.337669,-122.023232,21,0),(481,0,37.337692,-122.023277,21,1),(482,0,37.337704,-122.023331,21,2),(483,0,37.3377,-122.023399,21,3),(484,0,37.337696,-122.023468,21,4),(485,0,37.337692,-122.023544,21,5),(486,0,37.337692,-122.023628,21,6),(487,0,37.337696,-122.023727,21,7),(488,0,37.3377,-122.023827,21,8),(489,0,37.337708,-122.023926,21,9),(490,0,37.337715,-122.024025,21,10),(491,0,54.985294,73.386971,22,0),(492,0,54.985247,73.386964,22,1),(493,0,54.985247,73.386964,22,2),(494,0,54.985294,73.386971,22,3),(495,0,54.985247,73.386964,22,4),(496,0,54.985294,73.386971,22,5),(497,0,54.985294,73.386971,22,6),(498,0,54.985247,73.386964,22,7),(499,0,54.985294,73.386971,22,8),(500,0,54.985247,73.386964,22,9),(501,0,54.985294,73.386971,22,10),(502,0,54.985247,73.386964,22,11),(503,0,54.985294,73.386971,22,12),(504,0,54.985247,73.386964,22,13),(505,0,54.985294,73.386971,22,14),(506,0,54.985247,73.386964,22,15),(507,0,54.985294,73.386971,22,16),(508,0,54.985247,73.386964,22,17),(509,0,54.985294,73.386971,22,18),(510,0,54.985294,73.386971,22,19),(511,0,54.985247,73.386964,22,20),(512,0,54.985294,73.386971,22,21),(513,0,54.985247,73.386964,22,22),(514,0,54.985294,73.386971,22,23),(515,0,54.985247,73.386964,22,24),(516,0,54.985247,73.386964,22,25),(517,0,54.985294,73.386971,22,26),(518,0,54.985247,73.386964,22,27),(519,0,54.985247,73.386964,22,28),(520,0,54.985294,73.386971,22,29),(521,0,54.985247,73.386964,22,30),(522,0,54.985294,73.386971,22,31),(523,0,54.985294,73.386971,22,32),(524,0,54.985247,73.386964,22,33),(525,0,54.985247,73.386964,22,34),(526,0,54.985294,73.386971,22,35),(527,0,54.985247,73.386964,22,36),(528,0,54.985247,73.386964,23,0),(529,0,54.985247,73.386964,23,1),(530,0,54.985294,73.386971,23,2),(531,0,54.985294,73.386971,23,3),(532,0,54.985247,73.386964,23,4),(533,0,54.985294,73.386971,23,5),(534,0,54.985247,73.386964,23,6),(535,0,54.985294,73.386971,23,7),(536,0,54.985247,73.386964,23,8),(537,0,54.985247,73.386964,23,9),(538,0,54.985294,73.386971,23,10),(539,0,54.985247,73.386964,23,11),(540,0,54.985294,73.386971,23,12),(541,0,54.985247,73.386964,23,13),(542,0,54.985294,73.386971,23,14),(543,0,54.985294,73.386971,23,15),(544,0,54.985247,73.386964,23,16),(545,0,54.985294,73.386971,23,17),(546,0,54.985247,73.386964,23,18),(547,0,54.985294,73.386971,23,19),(548,0,54.985294,73.386971,23,20),(549,0,54.985247,73.386964,23,21),(550,0,54.985294,73.386971,23,22),(551,0,54.985247,73.386964,23,23),(552,0,54.985294,73.386971,23,24),(553,0,54.985294,73.386971,23,25),(554,0,54.985247,73.386964,23,26),(555,0,54.985294,73.386971,23,27),(556,0,54.985247,73.386964,23,28),(557,0,54.985294,73.386971,23,29),(558,0,54.985294,73.386971,23,30),(559,0,54.985247,73.386964,23,31),(560,0,54.985294,73.386971,23,32),(561,0,54.985247,73.386964,23,33),(562,0,54.985294,73.386971,23,34),(563,0,54.985247,73.386964,23,35),(564,0,54.985294,73.386971,23,36),(565,0,54.985247,73.386964,23,37),(566,0,54.985294,73.386971,23,38),(567,0,54.985247,73.386964,23,39),(568,0,54.985294,73.386971,23,40),(569,0,54.985247,73.386964,23,41),(570,0,54.985294,73.386971,23,42),(571,0,54.985247,73.386964,23,43),(572,0,54.985294,73.386971,23,44),(573,0,54.985247,73.386964,23,45),(574,0,54.985294,73.386971,23,46),(575,0,54.985247,73.386964,23,47),(576,0,54.985294,73.386971,23,48),(577,0,54.985247,73.386964,23,49),(578,0,54.985294,73.386971,23,50),(579,0,54.985294,73.386971,23,51),(580,0,54.985247,73.386964,23,52),(581,0,54.985294,73.386971,23,53),(582,0,54.985247,73.386964,23,54),(583,0,54.985294,73.386971,23,55),(584,0,54.985247,73.386964,23,56),(585,0,54.985294,73.386971,23,57),(586,0,54.985247,73.386964,23,58),(587,0,54.985294,73.386971,23,59),(588,0,54.985247,73.386964,23,60),(589,0,54.985294,73.386971,23,61),(590,0,54.985247,73.386964,23,62),(591,0,54.985294,73.386971,23,63),(592,0,54.985247,73.386964,23,64),(593,0,54.985294,73.386971,23,65),(594,0,54.985247,73.386964,23,66),(595,0,54.985247,73.386964,23,67),(596,0,54.985294,73.386971,23,68),(597,0,54.985247,73.386964,23,69),(598,0,54.985294,73.386971,23,70),(599,0,54.985247,73.386964,23,71),(600,0,54.985294,73.386971,23,72),(601,0,54.985294,73.386971,23,73),(602,0,54.985247,73.386964,23,74),(603,0,54.985294,73.386971,23,75),(604,0,54.985247,73.386964,23,76),(605,0,54.985247,73.386964,23,77),(606,0,54.985294,73.386971,23,78),(607,0,54.985247,73.386964,23,79),(608,0,54.985247,73.386964,23,80),(609,0,54.985294,73.386971,23,81),(610,0,54.985247,73.386964,23,82),(611,0,54.985294,73.386971,23,83),(612,0,54.985294,73.386971,23,84),(613,0,54.985247,73.386964,23,85),(614,0,54.985294,73.386971,23,86),(615,0,54.985247,73.386964,23,87),(616,0,54.985294,73.386971,23,88),(617,0,54.985247,73.386964,23,89),(618,0,54.985294,73.386971,23,90),(619,0,54.985247,73.386964,23,91),(620,0,54.985294,73.386971,23,92),(621,0,54.985247,73.386964,23,93),(622,0,54.985294,73.386971,23,94),(623,0,54.985247,73.386964,23,95),(624,0,54.985294,73.386971,23,96),(625,0,54.985294,73.386971,23,97),(626,0,54.985247,73.386964,23,98),(627,0,54.985294,73.386971,23,99),(628,0,54.985247,73.386964,23,100),(629,0,54.985294,73.386971,23,101),(630,0,54.985247,73.386964,23,102),(631,0,54.985294,73.386971,23,103),(632,0,54.985294,73.386971,23,104),(633,0,54.985247,73.386964,23,105),(634,0,54.985294,73.386971,23,106),(635,0,54.985247,73.386964,23,107),(636,0,54.985294,73.386971,23,108),(637,0,54.985247,73.386964,23,109),(638,0,54.985294,73.386971,23,110),(639,0,54.985247,73.386964,23,111),(640,0,54.985294,73.386971,23,112),(641,0,54.985247,73.386964,23,113),(642,0,54.985294,73.386971,23,114),(643,0,54.985247,73.386964,23,115),(644,0,54.985294,73.386971,23,116),(645,0,54.985247,73.386964,23,117),(646,0,54.985294,73.386971,23,118),(647,0,54.985294,73.386971,23,119),(648,0,54.985247,73.386964,23,120),(649,0,54.985294,73.386971,23,121),(650,0,54.985294,73.386971,23,122),(651,0,54.985247,73.386964,23,123),(652,0,54.985294,73.386971,23,124),(653,0,54.985247,73.386964,23,125),(654,0,54.985247,73.386964,23,126),(655,0,54.985294,73.386971,23,127),(656,0,54.985247,73.386964,23,128),(657,0,54.985294,73.386971,23,129),(658,0,54.985247,73.386964,23,130),(659,0,54.985294,73.386971,23,131),(660,0,54.985294,73.386971,23,132),(661,0,54.985247,73.386964,23,133),(662,0,54.985294,73.386971,23,134),(663,0,54.985294,73.386971,23,135),(664,0,54.985247,73.386964,23,136),(665,0,54.985294,73.386971,23,137),(666,0,54.985247,73.386964,23,138),(667,0,54.985247,73.386964,23,139),(668,0,54.985294,73.386971,23,140),(669,0,54.985247,73.386964,23,141),(670,0,54.985294,73.386971,23,142),(671,0,54.985294,73.386971,23,143),(672,0,54.985247,73.386964,23,144),(673,0,54.985294,73.386971,23,145),(674,0,54.985294,73.386971,23,146),(675,0,54.985247,73.386964,23,147),(676,0,54.985294,73.386971,23,148),(677,0,54.985247,73.386964,23,149),(678,0,54.985247,73.386964,23,150),(679,0,54.985294,73.386971,23,151),(680,0,54.985247,73.386964,23,152),(681,0,54.985247,73.386964,23,153),(682,0,54.985294,73.386971,23,154),(683,0,54.985247,73.386964,23,155),(684,0,54.985294,73.386971,23,156),(685,0,54.985247,73.386964,23,157),(686,0,54.985294,73.386971,23,158),(687,0,54.985247,73.386964,23,159),(688,0,54.985294,73.386971,23,160),(689,0,54.985247,73.386964,23,161),(690,0,54.985247,73.386964,23,162),(691,0,54.985294,73.386971,23,163),(692,0,54.985247,73.386964,23,164),(693,0,54.985294,73.386971,23,165),(694,0,54.985247,73.386964,23,166),(695,0,54.985294,73.386971,23,167),(696,0,54.985247,73.386964,23,168),(697,0,54.985294,73.386971,23,169),(698,0,54.985247,73.386964,23,170),(699,0,54.985294,73.386971,23,171),(700,0,54.985247,73.386964,23,172),(701,0,54.985294,73.386971,23,173),(702,0,54.985247,73.386964,23,174),(703,0,54.985294,73.386971,23,175),(704,0,54.985294,73.386971,23,176),(705,0,54.985247,73.386964,23,177),(706,0,54.985247,73.386964,23,178),(707,0,54.985294,73.386971,23,179),(708,0,54.985247,73.386964,23,180),(709,0,54.985294,73.386971,23,181),(710,0,54.985247,73.386964,23,182),(711,0,54.985294,73.386971,23,183),(712,0,54.985247,73.386964,23,184),(713,0,54.985294,73.386971,23,185),(714,0,54.985294,73.386971,23,186),(715,0,54.985247,73.386964,23,187),(716,0,54.985294,73.386971,23,188),(717,0,54.985247,73.386964,24,0),(718,0,54.985247,73.386964,24,1),(719,0,54.985058,73.386528,25,0),(720,0,54.985058,73.386559,25,1),(721,0,54.985271,73.386681,25,2),(722,0,54.985245,73.386665,25,3),(723,0,54.985222,73.386658,25,4),(724,0,54.98526,73.386673,25,5),(725,0,54.985218,73.386658,25,6),(726,0,54.985184,73.386642,25,7),(727,0,54.985157,73.386635,25,8),(728,0,54.985134,73.38662,25,9),(729,0,54.985306,73.386658,25,10),(730,0,54.984928,73.384781,26,0),(731,0,54.984913,73.384331,26,1),(732,0,54.984905,73.383926,26,2),(733,0,54.985249,73.386612,26,3),(734,0,54.985245,73.386612,26,4),(735,0,54.985336,73.386818,26,5),(736,0,54.985329,73.386818,26,6),(737,0,54.985344,73.386841,26,7),(738,0,54.985363,73.386803,26,8),(739,0,54.985378,73.38678,26,9),(740,0,54.985371,73.386772,26,10),(741,0,54.985359,73.386818,26,11),(742,0,54.985355,73.386833,26,12),(743,0,54.985348,73.386841,26,13),(744,0,54.98534,73.386826,26,14),(745,0,54.985355,73.386856,26,15),(746,0,54.981403,73.384499,27,0),(747,0,54.981403,73.384499,27,1),(748,0,54.981403,73.384499,27,2),(749,0,54.981403,73.384499,27,3),(750,0,54.981403,73.384499,27,4),(751,0,54.981403,73.384499,27,5),(752,0,54.981403,73.384499,27,6),(753,0,54.981041,73.385384,27,7),(754,0,54.981152,73.387482,27,8),(755,0,54.979298,73.387924,27,9),(756,0,54.981403,73.384499,27,10),(757,0,54.981041,73.385384,27,11),(758,0,54.981041,73.385384,27,12),(759,0,54.981152,73.387482,27,13),(760,0,54.979298,73.387924,27,14);
/*!40000 ALTER TABLE `point` ENABLE KEYS */;
UNLOCK TABLES;

--
-- Table structure for table `registration_code`
--

DROP TABLE IF EXISTS `registration_code`;
/*!40101 SET @saved_cs_client     = @@character_set_client */;
/*!40101 SET character_set_client = utf8 */;
CREATE TABLE `registration_code` (
  `id` bigint(20) NOT NULL AUTO_INCREMENT,
  `date_created` datetime NOT NULL,
  `token` varchar(255) NOT NULL,
  `username` varchar(255) NOT NULL,
  PRIMARY KEY (`id`)
) ENGINE=InnoDB AUTO_INCREMENT=14 DEFAULT CHARSET=utf8;
/*!40101 SET character_set_client = @saved_cs_client */;

--
-- Dumping data for table `registration_code`
--

LOCK TABLES `registration_code` WRITE;
/*!40000 ALTER TABLE `registration_code` DISABLE KEYS */;
INSERT INTO `registration_code` VALUES (7,'2014-10-03 05:48:56','0ab934e8d38e4c598d33c3177fc67e28','artemx8'),(8,'2014-10-03 06:34:21','f92f8560b4864c4ea44025b3baa29cd3','artemx7'),(9,'2014-10-03 06:47:30','326590545d7146419df4f325b35f5c34','qwe'),(10,'2014-10-03 06:49:53','b902da67d6bf42b69380ee9f35f52486','12345'),(11,'2014-10-03 08:01:15','31a4abf3b4034d41897c761ccb5a6b73','12312');
/*!40000 ALTER TABLE `registration_code` ENABLE KEYS */;
UNLOCK TABLES;

--
-- Table structure for table `role`
--

DROP TABLE IF EXISTS `role`;
/*!40101 SET @saved_cs_client     = @@character_set_client */;
/*!40101 SET character_set_client = utf8 */;
CREATE TABLE `role` (
  `id` bigint(20) NOT NULL AUTO_INCREMENT,
  `version` bigint(20) NOT NULL,
  `authority` varchar(255) NOT NULL,
  PRIMARY KEY (`id`),
  UNIQUE KEY `authority` (`authority`)
) ENGINE=InnoDB AUTO_INCREMENT=3 DEFAULT CHARSET=utf8;
/*!40101 SET character_set_client = @saved_cs_client */;

--
-- Dumping data for table `role`
--

LOCK TABLES `role` WRITE;
/*!40000 ALTER TABLE `role` DISABLE KEYS */;
INSERT INTO `role` VALUES (1,0,'ROLE_ADMIN'),(2,0,'ROLE_USER');
/*!40000 ALTER TABLE `role` ENABLE KEYS */;
UNLOCK TABLES;

--
-- Table structure for table `route`
--

DROP TABLE IF EXISTS `route`;
/*!40101 SET @saved_cs_client     = @@character_set_client */;
/*!40101 SET character_set_client = utf8 */;
CREATE TABLE `route` (
  `id` bigint(20) NOT NULL AUTO_INCREMENT,
  `version` bigint(20) NOT NULL,
  `name` varchar(30) NOT NULL,
  `user_id` bigint(20) NOT NULL,
  PRIMARY KEY (`id`),
  KEY `FK67AB24983C19230` (`user_id`),
  CONSTRAINT `FK67AB24983C19230` FOREIGN KEY (`user_id`) REFERENCES `user` (`id`)
) ENGINE=InnoDB AUTO_INCREMENT=28 DEFAULT CHARSET=utf8;
/*!40101 SET character_set_client = @saved_cs_client */;

--
-- Dumping data for table `route`
--

LOCK TABLES `route` WRITE;
/*!40000 ALTER TABLE `route` DISABLE KEYS */;
INSERT INTO `route` VALUES (1,0,'Afternoon Ride',6),(2,0,'me',11),(3,0,'me',11),(4,0,'me',11),(5,0,'me',11),(6,0,'me',11),(7,0,'me',11),(8,0,'me',11),(9,0,'me',11),(10,0,'me',11),(11,0,'me',11),(12,0,'me',11),(13,0,'me',11),(14,0,'me',11),(15,0,'me',11),(16,0,'me',11),(17,0,'me',11),(18,0,'me',11),(19,0,'me',11),(20,0,'me',11),(21,0,'me',10),(22,0,'me',11),(23,0,'me',11),(24,0,'me',11),(25,0,'me',11),(26,0,'me',11),(27,0,'me',11);
/*!40000 ALTER TABLE `route` ENABLE KEYS */;
UNLOCK TABLES;

--
-- Table structure for table `user`
--

DROP TABLE IF EXISTS `user`;
/*!40101 SET @saved_cs_client     = @@character_set_client */;
/*!40101 SET character_set_client = utf8 */;
CREATE TABLE `user` (
  `id` bigint(20) NOT NULL AUTO_INCREMENT,
  `version` bigint(20) NOT NULL,
  `account_expired` bit(1) NOT NULL,
  `account_locked` bit(1) NOT NULL,
  `email` varchar(255) NOT NULL,
  `enabled` bit(1) NOT NULL,
  `password` varchar(64) DEFAULT NULL,
  `password_expired` bit(1) NOT NULL,
  `uid` varchar(255) NOT NULL,
  `username` varchar(255) NOT NULL,
  PRIMARY KEY (`id`),
  UNIQUE KEY `username` (`username`)
) ENGINE=InnoDB AUTO_INCREMENT=21 DEFAULT CHARSET=utf8;
/*!40101 SET character_set_client = @saved_cs_client */;

--
-- Dumping data for table `user`
--

LOCK TABLES `user` WRITE;
/*!40000 ALTER TABLE `user` DISABLE KEYS */;
INSERT INTO `user` VALUES (1,0,'\0','\0','','','5e884898da28047151d0e56f8dc6292773603d0d6aabbdd62a11ef721d1542d8','\0','','me'),(2,0,'\0','\0','','','e24df920078c3dd4e7e8d2442f00e5c9ab2a231bb3918d65cc50906e49ecaef4','\0','','OtherUser'),(3,0,'\0','\0','','','ef797c8118f02dfb649607dd5d3f8c7623048c9c063d532cc95c5ed7a898a64f','\0','','User'),(4,0,'\0','\0','','','e3b0c44298fc1c149afbf4c8996fb92427ae41e4649b934ca495991b7852b855','\0','267901861','Andrey Antonov'),(5,0,'\0','\0','','','e3b0c44298fc1c149afbf4c8996fb92427ae41e4649b934ca495991b7852b855','\0','264298781','Andrey Antonov1'),(6,0,'\0','\0','','','e3b0c44298fc1c149afbf4c8996fb92427ae41e4649b934ca495991b7852b855','\0','33804645','Романъ Васеевъ'),(10,1,'\0','\0','a+velo@atkit.com','','521a09341cba61f87f7d38885dd21c8da93148e27eb1d73343769fbb109bc652','\0','','atkit'),(11,1,'\0','\0','crusherboy@rambler.ru','','448335056e88e831b4dbe9b49dee90810d44ab252d3d2524908915ebc583003d','\0','','ArtemX9'),(12,0,'\0','','ww@me.ru','','ef797c8118f02dfb649607dd5d3f8c7623048c9c063d532cc95c5ed7a898a64f','\0','','artemx8'),(13,0,'\0','','ww@me.org','','ef797c8118f02dfb649607dd5d3f8c7623048c9c063d532cc95c5ed7a898a64f','\0','','artemx7'),(14,0,'\0','','qwe@qew.ru','','0d1ea4c256cd50a2a7ccbfd22b3d9959f6fd30bd840b9ff3c7c65ee4e21df06d','\0','','qwe'),(15,0,'\0','','123@me.com','','ef797c8118f02dfb649607dd5d3f8c7623048c9c063d532cc95c5ed7a898a64f','\0','','12345'),(16,0,'\0','','me@com.com','','ef797c8118f02dfb649607dd5d3f8c7623048c9c063d532cc95c5ed7a898a64f','\0','','12312'),(17,0,'\0','\0','','','e3b0c44298fc1c149afbf4c8996fb92427ae41e4649b934ca495991b7852b855','\0','1198636','Руслан Шарипов'),(18,1,'\0','\0','sharipov.reg@gmail.com','','4575a9b83d8f8805d103393c13d00577199c5e1cbff2c733a73212540fcb4181','\0','','ruslan-biker'),(19,1,'\0','\0','navx@mail.ru','','ef797c8118f02dfb649607dd5d3f8c7623048c9c063d532cc95c5ed7a898a64f','\0','','navx'),(20,0,'\0','\0','','','e3b0c44298fc1c149afbf4c8996fb92427ae41e4649b934ca495991b7852b855','\0','5585870','Artem Pertsel');
/*!40000 ALTER TABLE `user` ENABLE KEYS */;
UNLOCK TABLES;

--
-- Table structure for table `user_role`
--

DROP TABLE IF EXISTS `user_role`;
/*!40101 SET @saved_cs_client     = @@character_set_client */;
/*!40101 SET character_set_client = utf8 */;
CREATE TABLE `user_role` (
  `role_id` bigint(20) NOT NULL,
  `user_id` bigint(20) NOT NULL,
  PRIMARY KEY (`role_id`,`user_id`),
  KEY `FK143BF46ADE96CE50` (`role_id`),
  KEY `FK143BF46A83C19230` (`user_id`),
  CONSTRAINT `FK143BF46A83C19230` FOREIGN KEY (`user_id`) REFERENCES `user` (`id`),
  CONSTRAINT `FK143BF46ADE96CE50` FOREIGN KEY (`role_id`) REFERENCES `role` (`id`)
) ENGINE=InnoDB DEFAULT CHARSET=utf8;
/*!40101 SET character_set_client = @saved_cs_client */;

--
-- Dumping data for table `user_role`
--

LOCK TABLES `user_role` WRITE;
/*!40000 ALTER TABLE `user_role` DISABLE KEYS */;
INSERT INTO `user_role` VALUES (2,4),(2,5),(2,6),(2,10),(2,11),(2,17),(2,18),(2,19),(2,20);
/*!40000 ALTER TABLE `user_role` ENABLE KEYS */;
UNLOCK TABLES;
/*!40103 SET TIME_ZONE=@OLD_TIME_ZONE */;

/*!40101 SET SQL_MODE=@OLD_SQL_MODE */;
/*!40014 SET FOREIGN_KEY_CHECKS=@OLD_FOREIGN_KEY_CHECKS */;
/*!40014 SET UNIQUE_CHECKS=@OLD_UNIQUE_CHECKS */;
/*!40101 SET CHARACTER_SET_CLIENT=@OLD_CHARACTER_SET_CLIENT */;
/*!40101 SET CHARACTER_SET_RESULTS=@OLD_CHARACTER_SET_RESULTS */;
/*!40101 SET COLLATION_CONNECTION=@OLD_COLLATION_CONNECTION */;
/*!40111 SET SQL_NOTES=@OLD_SQL_NOTES */;

-- Dump completed on 2015-01-26 12:14:46
